year,tmID,franchID,confID,rank,playoff,firstRound,semis,finals,name,o_fgm,o_fga,o_ftm,o_fta,o_3pm,o_3pa,o_oreb,o_dreb,o_reb,o_asts,o_pf,o_stl,o_to,o_blk,o_pts,d_fgm,d_fga,d_ftm,d_fta,d_3pm,d_3pa,d_oreb,d_dreb,d_reb,d_asts,d_pf,d_stl,d_to,d_blk,d_pts,GP,winrate,sum_fgMadePlayer,diff_fieldGoals
9,ATL,ATL,EA,7,N,,,,Atlanta Dream,895,2258,542,725,202,598,340,737,1077,492,796,285,593,142,2534,1014,2254,679,918,172,502,401,864,1265,684,726,310,561,134,2879,34,11.76470588235294,818,77
3,CHA,CHA,EA,2,Y,L,,,Charlotte Sting,770,1790,490,663,211,527,302,653,955,496,647,241,408,105,2241,778,1807,444,598,133,372,295,620,915,489,600,208,424,103,2133,32,56.25,737,33
4,CHA,CHA,EA,2,Y,L,,,Charlotte Sting,787,1881,456,590,187,517,342,629,971,499,697,279,497,115,2217,790,1902,477,667,138,407,386,621,1007,491,606,264,469,104,2195,34,52.94117647058824,784,3
10,CHI,CHI,EA,5,N,,,,Chicago Sky,930,2136,527,693,186,471,307,776,1083,532,605,249,532,138,2573,1004,2269,479,613,206,593,359,797,1156,610,636,273,489,121,2693,34,47.05882352941176,907,23
9,CON,CON,EA,2,Y,L,,,Connecticut Sun,965,2286,539,723,221,669,370,869,1239,607,629,211,487,97,2690,955,2284,472,638,159,496,360,840,1200,554,703,252,499,104,2541,34,61.76470588235294,935,30
8,DET,DET,EA,1,Y,W,W,L,Detroit Shock,972,2261,595,785,158,442,380,931,1311,563,702,227,564,117,2697,895,2262,547,718,203,610,309,780,1089,546,767,276,529,117,2540,34,70.58823529411765,903,69
7,HOU,HOU,WE,3,Y,L,,,Houston Comets,928,2098,482,678,169,472,303,822,1125,532,617,252,566,84,2507,928,2232,445,615,148,496,337,787,1124,526,705,298,519,89,2449,34,52.94117647058824,894,34
8,HOU,HOU,WE,5,N,,,,Houston Comets,915,2149,554,721,126,365,374,770,1144,558,655,289,633,109,2510,924,2190,578,719,202,581,342,721,1063,588,677,310,568,160,2628,34,38.23529411764706,906,9
9,HOU,HOU,WE,5,N,,,,Houston Comets,923,2213,563,736,152,481,376,803,1179,556,728,295,599,120,2561,903,2186,582,781,218,580,349,743,1092,542,744,313,555,165,2606,34,50.0,876,47
2,MIN,MIN,WE,6,N,,,,Minnesota Lynx,671,1810,559,727,176,552,308,693,1001,437,695,210,507,127,2077,752,1927,499,624,153,472,328,688,1016,511,719,259,470,126,2156,32,37.5,607,64
3,MIN,MIN,WE,8,N,,,,Minnesota Lynx,727,1775,383,578,166,500,309,650,959,466,617,226,529,102,2003,747,1807,469,613,141,389,302,612,914,495,618,273,465,117,2104,32,31.25,603,124
4,MIN,MIN,WE,4,Y,L,,,Minnesota Lynx,875,1978,450,624,180,524,361,718,1079,580,634,242,558,101,2380,878,2067,473,633,141,446,337,652,989,528,666,271,471,126,2370,34,52.94117647058824,746,129
5,MIN,MIN,WE,3,Y,L,,,Minnesota Lynx,767,1900,454,640,177,542,332,724,1056,526,660,257,613,139,2165,804,1972,490,669,92,330,323,713,1036,508,676,333,502,133,2190,34,52.94117647058824,665,102
6,MIN,MIN,WE,6,N,,,,Minnesota Lynx,801,1946,437,601,172,492,310,715,1025,531,624,258,536,127,2211,862,2019,435,592,129,376,344,711,1055,537,665,275,487,144,2288,34,41.17647058823529,715,86
7,MIN,MIN,WE,7,N,,,,Minnesota Lynx,945,2211,485,681,148,419,340,804,1144,491,654,193,530,113,2523,1004,2314,548,719,179,542,372,832,1204,625,633,308,438,124,2735,34,29.411764705882355,880,65
8,MIN,MIN,WE,6,N,,,,Minnesota Lynx,971,2355,531,674,163,496,397,785,1182,596,713,238,561,95,2636,988,2195,614,785,162,461,318,800,1118,565,645,279,529,147,2752,34,29.411764705882355,928,43
6,SAC,SAC,WE,1,Y,W,W,W,Sacramento Monarchs,853,1986,494,721,129,360,369,674,1043,527,684,304,500,108,2329,751,1823,478,653,113,376,273,694,967,463,723,235,622,132,2093,34,73.52941176470588,825,28
7,SAC,SAC,WE,2,Y,W,W,L,Sacramento Monarchs,919,2190,542,741,157,461,418,720,1138,509,670,330,542,88,2537,872,2021,504,661,156,507,294,725,1019,507,687,244,633,143,2404,34,61.76470588235294,738,181
8,SAC,SAC,WE,3,Y,L,,,Sacramento Monarchs,901,2214,572,745,153,429,452,723,1175,537,642,325,611,101,2527,891,2081,512,664,186,547,308,718,1026,542,689,274,649,141,2480,34,55.88235294117647,832,69
9,SAC,SAC,WE,4,Y,L,,,Sacramento Monarchs,883,2159,611,816,168,438,388,721,1109,473,690,319,586,77,2545,958,2128,469,622,186,542,308,767,1075,581,759,267,624,206,2571,34,52.94117647058824,817,66
10,SAC,SAC,WE,6,N,,,,Sacramento Monarchs,946,2194,586,744,132,389,391,763,1154,540,645,289,584,98,2610,994,2221,479,586,223,604,326,702,1028,627,704,262,576,147,2690,34,35.294117647058826,867,79
6,SAS,SAS,WE,7,N,,,,San Antonio Silver Stars,764,1833,503,652,110,339,256,690,946,433,650,195,535,90,2141,898,2059,463,611,142,408,351,704,1055,563,685,283,429,148,2401,34,20.588235294117645,660,104
7,SAS,SAS,WE,6,N,,,,San Antonio Silver Stars,915,2255,504,672,189,556,354,814,1168,540,610,246,488,83,2523,974,2262,490,640,165,459,372,865,1237,560,641,254,480,129,2603,34,38.23529411764706,732,183
8,SAS,SAS,WE,2,Y,W,L,,San Antonio Silver Stars,923,2176,464,577,207,566,323,764,1087,567,653,283,558,130,2517,904,2139,529,688,147,454,361,776,1137,516,619,257,583,137,2484,34,58.82352941176471,750,173
9,SAS,SAS,WE,1,Y,W,W,L,San Antonio Silver Stars,901,2080,561,694,183,539,246,847,1093,601,602,272,525,150,2546,904,2271,471,634,139,483,389,817,1206,500,666,278,528,109,2418,34,70.58823529411765,825,76
10,SAS,SAS,WE,4,Y,L,,,San Antonio Silver Stars,936,2190,487,626,256,739,281,768,1049,598,596,257,509,116,2615,1000,2279,488,620,173,499,364,824,1188,529,643,268,502,120,2661,34,44.11764705882353,857,79
